,flute id
E02006842,6699
E02006841,6698
E02001692,1646
E02001689,1643
E02001707,1661
E02001686,1641
E02001685,1640
E02001705,1659
E02001703,1657
E02001701,1655
E02001704,1658
E02001683,1638
E02001688,1642
E02001694,1648
E02001693,1647
E02001684,1639
E02001697,1651
E02001702,1656
E02001706,1660
E02001696,1650
E02001699,1653
E02001682,1637
E02001691,1645
E02001700,1654
E02001690,1644
E02001698,1652
E02001695,1649
E02001734,1686
E02001708,1662
E02001711,1665
E02001715,1669
E02001718,1670
E02001723,1675
E02001733,1685
E02001725,1677
E02001709,1663
E02001714,1668
E02001719,1671
E02001722,1674
E02001736,1688
E02001710,1664
E02001726,1678
E02001712,1666
E02001713,1667
E02001724,1676
E02001720,1672
E02001728,1680
E02001735,1687
E02001737,1689
E02001731,1683
E02001729,1681
E02001721,1673
E02001730,1682
E02001732,1684
E02001727,1679
E02006893,6750
E02001758,1710
E02001761,1713
E02001755,1707
E02001751,1703
E02001756,1708
E02001745,1697
E02001739,1691
E02001757,1709
E02001760,1712
E02001759,1711
E02001752,1704
E02001747,1699
E02001750,1702
E02001749,1701
E02001763,1715
E02001765,1717
E02001744,1696
E02001742,1694
E02001740,1692
E02001754,1706
E02001762,1714
E02001767,1719
E02001764,1716
E02001738,1690
E02001746,1698
E02001753,1705
E02001748,1700
E02001766,1718
E02001741,1693
E02001743,1695
E02001783,1735
E02001778,1730
E02001768,1720
E02001781,1733
E02001774,1726
E02001779,1731
E02001788,1740
E02001790,1742
E02001789,1741
E02001780,1732
E02001785,1737
E02001787,1739
E02001784,1736
E02001775,1727
E02001773,1725
E02001777,1729
E02001776,1728
E02001782,1734
E02001771,1723
E02001769,1721
E02001770,1722
E02001772,1724
E02001786,1738
E02001798,1750
E02001793,1745
E02001801,1753
E02001806,1758
E02001803,1755
E02001794,1746
E02001795,1747
E02001791,1743
E02001822,1774
E02001824,1776
E02001825,1777
E02001792,1744
E02001811,1763
E02001814,1766
E02001812,1764
E02001826,1778
E02001823,1775
E02001802,1754
E02001805,1757
E02001808,1760
E02001821,1773
E02001818,1770
E02001819,1771
E02001816,1768
E02001796,1748
E02001820,1772
E02001815,1767
E02001817,1769
E02001804,1756
E02001813,1765
E02001807,1759
E02001809,1761
E02001797,1749
E02001799,1751
E02001810,1762
E02001800,1752
E02002490,2423
E02002491,2424
E02002489,2422
E02002484,2418
E02002483,2417
E02002485,2419
E02006909,6766
E02002494,2427
E02002488,2421
E02002487,2420
E02002492,2425
E02002493,2426
E02002507,2439
E02002503,2435
E02002502,2434
E02002506,2438
E02002510,2442
E02002501,2433
E02002514,2445
E02002498,2430
E02002513,2444
E02002508,2440
E02002509,2441
E02002504,2436
E02002497,2429
E02006811,6668
E02002512,2443
E02002496,2428
E02002499,2431
E02002500,2432
E02002505,2437
E02002527,2457
E02002524,2454
E02002515,2446
E02002516,2447
E02002517,2448
E02002525,2455
E02002529,2458
E02002523,2453
E02002532,2460
E02002534,2462
E02002533,2461
E02002519,2450
E02002530,2459
E02002520,2451
E02006910,6767
E02006812,6669
E02002521,2452
E02002526,2456
E02002518,2449
E02002549,2477
E02002545,2473
E02002544,2472
E02002541,2469
E02002537,2465
E02002536,2464
E02002555,2483
E02002547,2475
E02002550,2478
E02002540,2468
E02002546,2474
E02002543,2471
E02002556,2484
E02002557,2485
E02002558,2486
E02002552,2480
E02002535,2463
E02002542,2470
E02002539,2467
E02002548,2476
E02002538,2466
E02002554,2482
E02002551,2479
E02002553,2481
E02002570,2498
E02002567,2495
E02002566,2494
E02002564,2492
E02002568,2496
E02002571,2499
E02002559,2487
E02002560,2488
E02002563,2491
E02002561,2489
E02002569,2497
E02002573,2501
E02002562,2490
E02002572,2500
E02002565,2493
E02004295,4194
E02004293,4192
E02004294,4193
E02004292,4191
E02004296,4195
E02004291,4190
E02004290,4189
E02004300,4199
E02004302,4201
E02004298,4197
E02004303,4202
E02004305,4204
E02004306,4205
E02004297,4196
E02004307,4206
E02004301,4200
E02004304,4203
E02004299,4198
E02004310,4209
E02004312,4211
E02004317,4216
E02004315,4214
E02004313,4212
E02004318,4217
E02004319,4218
E02004314,4213
E02004316,4215
E02004309,4208
E02004308,4207
E02004311,4210
E02004328,4227
E02004330,4229
E02004322,4221
E02004321,4220
E02004329,4228
E02004325,4224
E02004320,4219
E02004324,4223
E02004323,4222
E02004326,4225
E02004327,4226
E02004332,4231
E02004331,4230
E02004339,4238
E02004336,4235
E02004338,4237
E02004340,4239
E02004335,4234
E02004334,4233
E02004341,4240
E02004342,4241
E02004333,4232
E02004337,4236
E02004343,4242
E02004344,4243
E02004347,4246
E02004346,4245
E02004345,4244
E02004352,4251
E02004353,4252
E02004351,4250
E02004349,4248
E02004350,4249
E02004354,4253
E02004355,4254
E02004348,4247
E02005702,5574
E02005703,5575
E02005704,5576
E02005705,5577
E02005708,5580
E02005706,5578
E02005707,5579
E02005709,5581
E02005711,5583
E02005716,5588
E02005718,5590
E02005715,5587
E02005714,5586
E02005710,5582
E02005717,5589
E02005712,5584
E02005719,5591
E02005713,5585
E02005720,5592
E02005722,5594
E02005726,5598
E02005723,5595
E02005724,5596
E02005721,5593
E02005725,5597
E02005730,5602
E02005733,5605
E02005727,5599
E02005732,5604
E02005729,5601
E02005728,5600
E02005731,5603
E02005741,5613
E02005740,5612
E02005737,5609
E02005735,5607
E02005739,5611
E02005738,5610
E02005736,5608
E02005734,5606
